Workbook

Sheet Instrucciones
B2: INFORME DE DIFERENCIA DE VENTAS
B3: Pedido vs. Enviado — Plantilla de análisis de varianza
B6: ¿QUÉ HACE ESTA PLANTILLA?
B7: Compara lo que te PIDIERON contra lo que REALMENTE ENVIASTE y calcula sola la diferencia: faltantes, sobrantes, impacto en $ y % de cumplimiento (fill rate). Vos solo cargás dos listas.
B9: CÓMO USARLA — 3 pasos
B10: 1) Pestaña «Pedido» → cargá lo solicitado: Código, Producto, Cantidad pedida y Precio unitario.
B11: 2) Pestaña «Enviado» → cargá lo despachado: Código y Cantidad enviada (el mismo Código que en Pedido).
B12: 3) Mirá «Informe de Diferencias» y «Resumen Ejecutivo»: se calculan solos. No toques esas dos pestañas.
B14: LEYENDA DE COLORES
B15: Celdas AMARILLAS = las completás vos (entrada de datos).
B16: Verde = OK (se cumplió) Rojo = Faltante (enviaste de menos) Ámbar = Sobrante (enviaste de más).
B18: CLAVE DEL CRUCE
... B22: Las pestañas «Pedido» y «Enviado» vienen con filas de EJEMPLO (fondo gris) solo para que veas el formato y cómo se ven los resultados. Borralas y cargá tus datos reales.

Sheet Pedido
A1: PEDIDO — lo que te solicitaron (completá las celdas amarillas)
A2: Código | B2: Producto | C2: Cant. pedida | D2: Precio unit.
A3: SKU-001 | B3: Pan de campo 500g | C3: 120 | D3: 1800
A4: SKU-002 | B4: Medialunas (docena) | C4: 50 | D4: 4200
A5: SKU-003 | B5: Torta selva negra | C5: 20 | D5: 15000
A6: SKU-004 | B6: Budín de limón | C6: 40 | D6: 3500
A7: SKU-005 | B7: Helado 1kg dulce leche | C7: 30 | D7: 9800

Sheet Enviado
A1: ENVIADO — lo que realmente despachaste (completá las celdas amarillas)
A2: Código | B2: Producto | C2: Cant. enviada | D2: Control
A3: SKU-001 | B3: Pan de campo 500g | C3: 120 | D3: =IF(A3="","",IF(COUNTIF(Pedido!$A$3:$A$101,A3)=0,"⚠ No figuraba en el pedido",""))
A4: SKU-002 | B4: Medialunas (docena) | C4: 45 | D4: =IF(A4="","",IF(COUNTIF(Pedido!$A$3:$A$101,A4)=0,"⚠ No figuraba en el pedido",""))
A5: SKU-003 | B5: Torta selva negra | C5: 20 | D5: =IF(A5="","",IF(COUNTIF(Pedido!$A$3:$A$101,A5)=0,"⚠ No figuraba en el pedido",""))
A6: SKU-004 | B6: Budín de limón | C6: 48 | D6: =IF(A6="","",IF(COUNTIF(Pedido!$A$3:$A$101,A6)=0,"⚠ No figuraba en el pedido",""))
A7: SKU-005 | B7: Helado 1kg dulce leche | C7: 22 | D7: =IF(A7="","",IF(COUNTIF(Pedido!$A$3:$A$101,A7)=0,"⚠ No figuraba en el pedido",""))
D8: =IF(A8="","",IF(COUNTIF(Pedido!$A$3:$A$101,A8)=0,"⚠ No figuraba en el pedido",""))
D9: =IF(A9="","",IF(COUNTIF(Pedido!$A$3:$A$101,A9)=0,"⚠ No figuraba en el pedido",""))
D10: =IF(A10="","",IF(COUNTIF(Pedido!$A$3:$A$101,A10)=0,"⚠ No figuraba en el pedido",""))
D11: =IF(A11="","",IF(COUNTIF(Pedido!$A$3:$A$101,A11)=0,"⚠ No figuraba en el pedido",""))
D12: =IF(A12="","",IF(COUNTIF(Pedido!$A$3:$A$101,A12)=0,"⚠ No figuraba en el pedido",""))
D13: =IF(A13="","",IF(COUNTIF(Pedido!$A$3:$A$101,A13)=0,"⚠ No figuraba en el pedido",""))
D14: =IF(A14="","",IF(COUNTIF(Pedido!$A$3:$A$101,A14)=0,"⚠ No figuraba en el pedido",""))
D15: =IF(A15="","",IF(COUNTIF(Pedido!$A$3:$A$101,A15)=0,"⚠ No figuraba en el pedido",""))
D16: =IF(A16="","",IF(COUNTIF(Pedido!$A$3:$A$101,A16)=0,"⚠ No figuraba en el pedido",""))
D17: =IF(A17="","",IF(COUNTIF(Pedido!$A$3:$A$101,A17)=0,"⚠ No figuraba en el pedido",""))
D18: =IF(A18="","",IF(COUNTIF(Pedido!$A$3:$A$101,A18)=0,"⚠ No figuraba en el pedido",""))
D19: =IF(A19="","",IF(COUNTIF(Pedido!$A$3:$A$101,A19)=0,"⚠ No figuraba en el pedido",""))
... D101: =IF(A101="","",IF(COUNTIF(Pedido!$A$3:$A$101,A101)=0,"⚠ No figuraba en el pedido",""))

Sheet Informe de Diferencias
A1: INFORME DE DIFERENCIAS — Pedido vs. Enviado (cálculo automático)
A2: Código | B2: Producto | C2: Precio unit. | D2: Pedido (u) | E2: Enviado (u) | F2: Dif. unidades | G2: % Cumplim. | H2: Dif. valor ($) | I2: Estado
A3: =IF(Pedido!A3="","",Pedido!A3) | B3: =IF(Pedido!A3="","",Pedido!B3) | C3: =IF(Pedido!A3="","",Pedido!D3) | D3: =IF(Pedido!A3="","",Pedido!C3) | E3: =IF(A3="","",SUMIFS(Enviado!$C$3:$C$101,Enviado!$A$3:$A$101,A3)) | F3: =IF(A3="","",E3-D3) | G3: =IF(A3="","",IFERROR(E3/D3,"")) | H3: =IF(A3="","",F3*C3) | I3: =IF(A3="","",IF(F3=0,"OK",IF(F3<0,"Faltante","Sobrante")))
A4: =IF(Pedido!A4="","",Pedido!A4) | B4: =IF(Pedido!A4="","",Pedido!B4) | C4: =IF(Pedido!A4="","",Pedido!D4) | D4: =IF(Pedido!A4="","",Pedido!C4) | E4: =IF(A4="","",SUMIFS(Enviado!$C$3:$C$101,Enviado!$A$3:$A$101,A4)) | F4: =IF(A4="","",E4-D4) | G4: =IF(A4="","",IFERROR(E4/D4,"")) | H4: =IF(A4="","",F4*C4) | I4: =IF(A4="","",IF(F4=0,"OK",IF(F4<0,"Faltante","Sobrante")))
A5: =IF(Pedido!A5="","",Pedido!A5) | B5: =IF(Pedido!A5="","",Pedido!B5) | C5: =IF(Pedido!A5="","",Pedido!D5) | D5: =IF(Pedido!A5="","",Pedido!C5) | E5: =IF(A5="","",SUMIFS(Enviado!$C$3:$C$101,Enviado!$A$3:$A$101,A5)) | F5: =IF(A5="","",E5-D5) | G5: =IF(A5="","",IFERROR(E5/D5,"")) | H5: =IF(A5="","",F5*C5) | I5: =IF(A5="","",IF(F5=0,"OK",IF(F5<0,"Faltante","Sobrante")))
A6: =IF(Pedido!A6="","",Pedido!A6) | B6: =IF(Pedido!A6="","",Pedido!B6) | C6: =IF(Pedido!A6="","",Pedido!D6) | D6: =IF(Pedido!A6="","",Pedido!C6) | E6: =IF(A6="","",SUMIFS(Enviado!$C$3:$C$101,Enviado!$A$3:$A$101,A6)) | F6: =IF(A6="","",E6-D6) | G6: =IF(A6="","",IFERROR(E6/D6,"")) | H6: =IF(A6="","",F6*C6) | I6: =IF(A6="","",IF(F6=0,"OK",IF(F6<0,"Faltante","Sobrante")))
A7: =IF(Pedido!A7="","",Pedido!A7) | B7: =IF(Pedido!A7="","",Pedido!B7) | C7: =IF(Pedido!A7="","",Pedido!D7) | D7: =IF(Pedido!A7="","",Pedido!C7) | E7: =IF(A7="","",SUMIFS(Enviado!$C$3:$C$101,Enviado!$A$3:$A$101,A7)) | F7: =IF(A7="","",E7-D7) | G7: =IF(A7="","",IFERROR(E7/D7,"")) | H7: =IF(A7="","",F7*C7) | I7: =IF(A7="","",IF(F7=0,"OK",IF(F7<0,"Faltante","Sobrante")))
A8: =IF(Pedido!A8="","",Pedido!A8) | B8: =IF(Pedido!A8="","",Pedido!B8) | C8: =IF(Pedido!A8="","",Pedido!D8) | D8: =IF(Pedido!A8="","",Pedido!C8) | E8: =IF(A8="","",SUMIFS(Enviado!$C$3:$C$101,Enviado!$A$3:$A$101,A8)) | F8: =IF(A8="","",E8-D8) | G8: =IF(A8="","",IFERROR(E8/D8,"")) | H8: =IF(A8="","",F8*C8) | I8: =IF(A8="","",IF(F8=0,"OK",IF(F8<0,"Faltante","Sobrante")))
A9: =IF(Pedido!A9="","",Pedido!A9) | B9: =IF(Pedido!A9="","",Pedido!B9) | C9: =IF(Pedido!A9="","",Pedido!D9) | D9: =IF(Pedido!A9="","",Pedido!C9) | E9: =IF(A9="","",SUMIFS(Enviado!$C$3:$C$101,Enviado!$A$3:$A$101,A9)) | F9: =IF(A9="","",E9-D9) | G9: =IF(A9="","",IFERROR(E9/D9,"")) | H9: =IF(A9="","",F9*C9) | I9: =IF(A9="","",IF(F9=0,"OK",IF(F9<0,"Faltante","Sobrante")))
A10: =IF(Pedido!A10="","",Pedido!A10) | B10: =IF(Pedido!A10="","",Pedido!B10) | C10: =IF(Pedido!A10="","",Pedido!D10) | D10: =IF(Pedido!A10="","",Pedido!C10) | E10: =IF(A10="","",SUMIFS(Enviado!$C$3:$C$101,Enviado!$A$3:$A$101,A10)) | F10: =IF(A10="","",E10-D10) | G10: =IF(A10="","",IFERROR(E10/D10,"")) | H10: =IF(A10="","",F10*C10) | I10: =IF(A10="","",IF(F10=0,"OK",IF(F10<0,"Faltante","Sobrante")))
A11: =IF(Pedido!A11="","",Pedido!A11) | B11: =IF(Pedido!A11="","",Pedido!B11) | C11: =IF(Pedido!A11="","",Pedido!D11) | D11: =IF(Pedido!A11="","",Pedido!C11) | E11: =IF(A11="","",SUMIFS(Enviado!$C$3:$C$101,Enviado!$A$3:$A$101,A11)) | F11: =IF(A11="","",E11-D11) | G11: =IF(A11="","",IFERROR(E11/D11,"")) | H11: =IF(A11="","",F11*C11) | I11: =IF(A11="","",IF(F11=0,"OK",IF(F11<0,"Faltante","Sobrante")))
A12: =IF(Pedido!A12="","",Pedido!A12) | B12: =IF(Pedido!A12="","",Pedido!B12) | C12: =IF(Pedido!A12="","",Pedido!D12) | D12: =IF(Pedido!A12="","",Pedido!C12) | E12: =IF(A12="","",SUMIFS(Enviado!$C$3:$C$101,Enviado!$A$3:$A$101,A12)) | F12: =IF(A12="","",E12-D12) | G12: =IF(A12="","",IFERROR(E12/D12,"")) | H12: =IF(A12="","",F12*C12) | I12: =IF(A12="","",IF(F12=0,"OK",IF(F12<0,"Faltante","Sobrante")))
A13: =IF(Pedido!A13="","",Pedido!A13) | B13: =IF(Pedido!A13="","",Pedido!B13) | C13: =IF(Pedido!A13="","",Pedido!D13) | D13: =IF(Pedido!A13="","",Pedido!C13) | E13: =IF(A13="","",SUMIFS(Enviado!$C$3:$C$101,Enviado!$A$3:$A$101,A13)) | F13: =IF(A13="","",E13-D13) | G13: =IF(A13="","",IFERROR(E13/D13,"")) | H13: =IF(A13="","",F13*C13) | I13: =IF(A13="","",IF(F13=0,"OK",IF(F13<0,"Faltante","Sobrante")))
A14: =IF(Pedido!A14="","",Pedido!A14) | B14: =IF(Pedido!A14="","",Pedido!B14) | C14: =IF(Pedido!A14="","",Pedido!D14) | D14: =IF(Pedido!A14="","",Pedido!C14) | E14: =IF(A14="","",SUMIFS(Enviado!$C$3:$C$101,Enviado!$A$3:$A$101,A14)) | F14: =IF(A14="","",E14-D14) | G14: =IF(A14="","",IFERROR(E14/D14,"")) | H14: =IF(A14="","",F14*C14) | I14: =IF(A14="","",IF(F14=0,"OK",IF(F14<0,"Faltante","Sobrante")))
... A101: =IF(Pedido!A101="","",Pedido!A101) | B101: =IF(Pedido!A101="","",Pedido!B101) | C101: =IF(Pedido!A101="","",Pedido!D101) | D101: =IF(Pedido!A101="","",Pedido!C101) | E101: =IF(A101="","",SUMIFS(Enviado!$C$3:$C$101,Enviado!$A$3:$A$101,A101)) | F101: =IF(A101="","",E101-D101) | G101: =IF(A101="","",IFERROR(E101/D101,"")) | H101: =IF(A101="","",F101*C101) | I101: =IF(A101="","",IF(F101=0,"OK",IF(F101<0,"Faltante","Sobrante")))
B102: TOTAL | D102: =SUM(D3:D101) | E102: =SUM(E3:E101) | F102: =SUM(F3:F101) | G102: =IFERROR(E102/D102,"") | H102: =SUM(H3:H101)

Sheet Resumen Ejecutivo
B2: RESUMEN EJECUTIVO
B3: Diferencia de ventas: Pedido vs. Enviado
B5: % CUMPLIMIENTO GLOBAL (fill rate) | E5: IMPACTO ECONÓMICO NETO
B6: =IFERROR(SUM('Informe de Diferencias'!$E$3:$E$101)/SUM('Informe de Diferencias'!$D$3:$D$101),"") | E6: =SUM('Informe de Diferencias'!$H$3:$H$101)
B8: Unidades pedidas | E8: Unidades enviadas
B9: =SUM('Informe de Diferencias'!$D$3:$D$101) | E9: =SUM('Informe de Diferencias'!$E$3:$E$101)
B11: Diferencia de unidades (Env − Ped) | E11: Valor pedido (total)
B12: =SUM('Informe de Diferencias'!$F$3:$F$101) | E12: =SUMPRODUCT(Pedido!$C$3:$C$101,Pedido!$D$3:$D$101)
B14: Productos con FALTANTE | E14: Productos con SOBRANTE
B15: =COUNTIF('Informe de Diferencias'!$I$3:$I$101,"Faltante") | E15: =COUNTIF('Informe de Diferencias'!$I$3:$I$101,"Sobrante")
B17: Productos OK (cumplidos) | E17: Productos en el pedido
B18: =COUNTIF('Informe de Diferencias'!$I$3:$I$101,"OK") | E18: =COUNTA(Pedido!$A$3:$A$101)
B20: Valor de FALTANTES (lo que dejaste de enviar) | E20: Valor de SOBRANTES (lo enviado de más)
B21: =SUMIF('Informe de Diferencias'!$I$3:$I$101,"Faltante",'Informe de Diferencias'!$H$3:$H$101) | E21: =SUMIF('Informe de Diferencias'!$I$3:$I$101,"Sobrante",'Informe de Diferencias'!$H$3:$H$101)
B24: Los valores se actualizan solos al cargar las pestañas «Pedido» y «Enviado». Impacto económico neto = suma de (Dif. unidades × Precio); negativo indica que enviaste menos de lo pedido.
